<?xml version="1.0" encoding="utf-8"?>
<odoo>
    <data noupdate="0"> <record id="seq_prestamo_biblioteca_unique" model="ir.sequence">
            <field name="name">Secuencia de Préstamos</field>
            <field name="code">biblioteca.prestamo.seq</field>
            <field name="prefix">PREST/%(year)s/</field>
            <field name="padding">4</field>
            <field name="number_next">1</field>
            <field name="number_increment">1</field>
        </record>
    </data>
</odoo>